日期,摘要,收付,金额,支付方式,来源图片
2026-09-01,微信收款-早市,收,486.50,微信收款码,IMG_1001.jpg
2026-09-01,微信收款-午市,收,312.00,微信收款码,IMG_1002.jpg
2026-09-01,支付宝收款-下午,收,226.80,支付宝,IMG_1003.jpg
2026-09-01,面粉5袋,支,78.00,微信,IMG_1004.jpg
2026-09-02,微信收款-早市,收,521.00,微信收款码,IMG_1005.jpg
2026-09-02,酵母与白糖,支,46.50,微信,IMG_1006.jpg
2026-09-02,包装纸袋200个,支,32.00,现金,IMG_1007.jpg
2026-09-03,微信收款-全天,收,742.60,微信收款码,IMG_1008.jpg
2026-09-03,电费充值,支,150.00,支付宝,IMG_1009.jpg
2026-09-04,微信收款,收,668.40,微信收款码,IMG_1010.jpg
2026-09-04,食用调和油1桶,支,65.00,微信,IMG_1011.jpg
2026-09-05,微信收款,收,705.20,微信收款码,IMG_1012.jpg
2026-09-05,美团平台佣金,支,42.30,自动扣款,IMG_1013.jpg
2026-09-06,微信收款,收,892.10,微信收款码,IMG_1014.jpg
2026-09-06,芝麻5斤,支,58.00,微信,IMG_1015.jpg
2026-09-06,临时工一天,支,120.00,现金,IMG_1016.jpg
2026-09-07,微信收款,收,610.30,微信收款码,IMG_1017.jpg
2026-09-07,摊位管理费,支,200.00,微信,IMG_1018.jpg
